Date,return
2019-03-11,-0.03141153081510931
2019-03-08,-0.044380557202133936
2019-03-07,-0.05222265932336745
2019-03-06,-0.030446816923685234
2019-03-05,0.0021921084097249787
2019-03-04,-0.005129216808048885
2019-03-01,-0.010735896935389365
2019-02-28,-0.005114083398898605
2019-02-27,-0.009012539184952996
2019-02-26,-0.0075098814229249515
2019-02-25,0.02253671293502314
2019-02-22,0.03688274740906315
2019-02-21,0.038963688290493605
2019-02-20,0.036699107866991126
2019-02-19,0.029729179393198957
2019-02-15,0.03281940144478843
2019-02-14,0.012164948453608318
2019-02-13,0.01906823335394773
2019-02-12,0.025171624713958826
2019-02-11,0.008250825082508368
2019-02-08,0.014681208053691336
2019-02-07,0.026975763962065205
2019-02-06,0.015973097940311164
2019-02-05,0.003951747088186457
2019-02-04,0.009601335838029657
2019-02-01,0.007157894736842177
2019-01-31,-0.002943650126156446
2019-01-30,0.010348468848996874
2019-01-29,0.014138003798269712
2019-01-28,0.01222596964586858
2019-01-25,0.011440677966101676
2019-01-24,0.011317531496903718
2019-01-23,0.029993479678330853
2019-01-22,0.03895371792059662
2019-01-18,0.05488208067004633
2019-01-17,0.03603603603603605
2019-01-16,0.033913234970271
2019-01-15,0.00945262695097823
2019-01-14,0.00661084178051999
2019-01-11,0.020339740724184097
2019-01-10,0.02909993232573876
2019-01-09,0.049541284403669644
2019-01-08,0.07393454202966801
2019-01-07,0.04902416356877322
2019-01-04,0.05770136599152133
2019-01-03,0.04439140811455846
2019-01-02,0.06268221574344036
2018-12-31,0.04284676833696432
2018-12-28,0.01156478640547562
2018-12-27,0.007134363852556582
2018-12-26,-0.02671842886503772
2018-12-24,-0.0712692307692308
2018-12-21,-0.06310352571300253
2018-12-20,-0.06835213448352141
2018-12-19,-0.0936627282491944
2018-12-18,-0.05772972972972976
2018-12-17,-0.04570815450643782
2018-12-14,-0.04601832126118449
2018-12-13,-0.037428631846056166
2018-12-12,0.002593863977687168
2018-12-11,-0.07929515418502205
2018-12-10,-0.08548864758144123
2018-12-07,-0.0516441396005649
2018-12-06,-0.049109230149133376
2018-12-04,-0.04304769603880347
2018-12-03,0.017604208822339082
2018-11-30,0.01921909771393896
2018-11-29,0.021364009860312227
2018-11-28,0.018129965369728936
2018-11-27,0.003868078175895864
2018-11-26,-0.002411091018686047
2018-11-23,-0.007692307692307601
2018-11-21,0.014934660858742975
2018-11-20,-0.022266800401203598
2018-11-19,0.002631578947368473
2018-11-16,0.0
2018-11-15,-0.00541190619362604
2018-11-14,-0.021529175050301816
2018-11-13,-0.00721442885771542
2018-11-12,-0.0002027575020275347
2018-11-09,0.011597151576805702
2018-11-08,0.023450244698205516
2018-11-07,0.027394438722966128
2018-11-06,0.021993833504624877
2018-11-05,0.02963890628261327
2018-11-02,0.03269069572506292
2018-11-01,0.04861854786892275
2018-10-31,0.05480643758155727
2018-10-30,0.015323257766582637
2018-10-29,0.016129032258064627
2018-10-26,-0.047590117456460135
2018-10-25,-0.05107580937060123
2018-10-24,-0.1062915201250488
2018-10-23,-0.058105180224542106
2018-10-22,-0.053296486379786734
2018-10-19,-0.01719999999999999
2018-10-18,-0.04010746497793123
2018-10-17,-0.030590917727531815
2018-10-16,-0.04878504672897195
2018-10-15,-0.058812581425646694
2018-10-12,-0.053396226415094304
2018-10-11,-0.04620523288179629
2018-10-10,-0.015058561070831053
2018-10-09,0.019195293224520817
2018-10-08,0.02420430722317521
2018-10-05,-0.008744186046511606
2018-10-04,0.009043233082706726
2018-10-03,0.0020514733308466884
2018-10-02,-0.04048360505587105
2018-10-01,-0.04128774099672601
2018-09-28,-0.040647482014388454
2018-09-27,-0.04851079008382377
2018-09-26,-0.03359080294593146
2018-09-25,-0.004544628249409198
2018-09-24,-0.005981511691136456
2018-09-21,0.0021590500179921655
2018-09-20,0.013748191027496345
2018-09-19,-0.005875696066103853
2018-09-18,-0.024325284090909047
2018-09-17,-0.02458436505129113
2018-09-14,-0.019293785310734533
2018-09-13,-0.022218678008151662
2018-09-12,-0.022159690467815654
2018-09-11,-0.003355112131379213
2018-09-10,-0.0017686593562080196
2018-09-07,0.00891583452211127
2018-09-06,0.0044460252534234395
2018-09-05,0.008177777777777792
2018-09-04,-0.003342128408091554
2018-08-31,-0.007383966244725768
2018-08-30,-0.01718695194668544
2018-08-29,-0.016447944006999084
2018-08-28,-0.017900803353126066
2018-08-27,0.0005304101838755505
2018-08-24,0.0038924274593064197
2018-08-23,0.01353517364203024
2018-08-22,0.02509410288582181
2018-08-21,0.02649480844969574
2018-08-20,0.016906474820143843
2018-08-17,0.01181736794986565
2018-08-16,0.016967509025270847
2018-08-15,-0.005010737294201881
2018-08-14,0.008784510577267873
2018-08-13,-0.006803939122650001
2018-08-10,0.0016187050359711566
2018-08-09,-0.0033862056674389186
2018-08-08,0.00791366906474816
2018-08-07,0.0074235017200797344
2018-08-06,-0.0008994423457457144
2018-08-03,-0.00840486409155935
2018-08-02,-0.005491585473870722
2018-08-01,-0.0021505376344085566
2018-07-31,-0.025957972805933354
2018-07-30,-0.030539026951347522
2018-07-27,-0.007470651013874096
2018-07-26,0.007512072974423211
2018-07-25,0.0013426673846705474
2018-07-24,0.025420374069366303
2018-07-23,0.030204376921685688
2018-07-20,0.024030584380120158
2018-07-19,0.009862468331523737
2018-07-18,-0.009611961552153776
2018-07-17,-0.0174719201283652
2018-07-16,-0.03036685975074595
2018-07-13,-0.026723677177979688
2018-07-12,-0.0064748201438848815
2018-07-11,0.0030476873431337704
2018-07-10,0.009171012407840282
2018-07-09,0.04025434583714546
2018-07-06,0.004492362982929021
2018-07-05,0.005062375700596657
2018-07-03,-0.021431101664895515
2018-07-02,-0.02365401588702553
2018-06-29,-0.03676341248900621
2018-06-28,-0.04373481430059001
2018-06-27,-0.037140366172624284
2018-06-26,-0.024456578263130493
2018-06-25,-0.0012376237623762426
2018-06-22,0.008857395925597873
2018-06-21,0.006323555243281213
2018-06-20,0.006278339727938602
2018-06-19,0.0020924149956407572
2018-06-18,-0.011296489398679155
2018-06-15,-0.03089264379586964
2018-06-14,-0.023678792038435183
2018-06-13,-0.02815699658703069
2018-06-12,-0.009546953653879486
2018-06-11,0.0026114206128134694
2018-06-08,0.024047744426891428
2018-06-07,0.024433116540692575
2018-06-06,0.026422406200457986
2018-06-05,0.021142552055525936
2018-06-04,0.022338910644357467
2018-06-01,0.00441774165046828
2018-05-31,-0.008623724040830729
2018-05-30,-0.0017583963425355077
2018-05-29,-0.025013118768584915
2018-05-25,0.0056828272065352564
2018-05-24,0.00656727014554486
2018-05-23,0.01608004288011432
2018-05-22,0.029379956741168035
2018-05-21,0.0283444665102004
2018-05-18,0.007177462766911999
2018-05-17,0.01001788908765657
2018-05-16,0.00971747345690119
2018-05-15,0.007406069364161916
2018-05-14,0.015226563933223362
2018-05-11,0.019033674963396762
2018-05-10,0.04168224299065415
2018-05-09,0.03168426903835466
2018-05-08,0.017498618530116097
2018-05-07,0.01860331039613159
2018-05-04,-0.010537790697674387
2018-05-03,-0.017697500456121125
2018-05-02,-0.00982890425919183
2018-05-01,-0.01612318840579711
2018-04-30,-0.017297887836853657
2018-04-27,0.006617647058823519
2018-04-26,0.015413184772516218
2018-04-25,0.03154929577464788
2018-04-24,0.03397147147147151
2018-04-23,0.013340744858254565
2018-04-20,0.00725851479620325
2018-04-19,-0.011913489736070485
2018-04-18,-0.009701492537313491
2018-04-17,0.004331450094161899
2018-04-16,0.007689422355588833
2018-04-13,0.0037707390648567657
2018-04-12,0.010288065843621345
2018-04-11,-0.014817558807186595
2018-04-10,0.026741054251635258
2018-04-09,-0.00019073049780656134
2018-04-06,-0.01203912716328054
2018-04-05,0.008997188378631619
2018-04-04,0.02473159509202466
2018-04-03,-0.007314328582145547
2018-04-02,-0.009767353886892326
2018-03-29,-0.01943364797334822
2018-03-28,-0.03697632058287798
2018-03-27,-0.05997486083677494
2018-03-26,-0.048214285714285765
2018-03-23,-0.07590876692801138
2018-03-22,-0.03910132474042243
2018-03-21,-0.0014388489208632786
2018-03-20,-0.012121212121212116
2018-03-19,-0.010131532172058305
2018-03-16,-0.007620060251639194
2018-03-15,-0.0016155088852989304
2018-03-14,-0.008961993546073929
2018-03-13,0.02431888827939304
2018-03-12,0.025566106647187704
2018-03-09,0.04481219784306427
2018-03-08,0.04632087995448517
2018-03-07,0.05846621108580103
2018-03-06,0.024051803885291476
2018-03-05,-0.002740727206285375
2018-03-02,-0.010986998718183509
2018-03-01,-0.015047371354263333
2018-02-28,-0.030591683458508913
2018-02-27,0.0
2018-02-26,-0.0014662756598241458
2018-02-23,0.005374351371386196
2018-02-22,-0.00849963045084998
2018-02-21,0.035438996579247484
2018-02-20,0.033358895705521516
2018-02-16,0.03586337760910817
2018-02-15,0.03386263631145965
2018-02-14,0.014905660377358474
2018-02-13,0.008297628156082593
2018-02-12,0.02457577530719715
2018-02-09,-0.02286670384829888
2018-02-08,-0.0600693810480191
2018-02-07,-0.02184376156978896
2018-02-06,-0.035123207061419706
2018-02-05,-0.03852534562211988
2018-02-02,-0.007672634271099775
2018-02-01,-0.001822821728035024
2018-01-31,-0.023654749006861722
2018-01-30,-0.028320487542570324
2018-01-29,-0.011260443152924165
2018-01-26,-0.015512265512265503
2018-01-25,0.0010958904109589457
2018-01-24,-0.0005448601525608633
2018-01-23,0.005077983315197699
2018-01-22,-0.005925659903034626
2018-01-19,0.003078037298569649
2018-01-18,0.00515084621044888
2018-01-17,0.03050720568968749
2018-01-16,0.03162650602409638
2018-01-12,0.04362606232294608
2018-01-11,0.04499715207898229
2018-01-10,0.02895238095238101
2018-01-09,0.018119397291626985
2018-01-08,0.005136986301369787
2018-01-05,-0.004144687264506384
2018-01-04,-0.009984928409947271
2018-01-03,-0.016544463244970775
2018-01-02,-0.015211267605633846
2017-12-29,-0.025106936953691674
2017-12-28,-0.004882629107981183
2017-12-27,-0.02694721299372464
2017-12-26,-0.022345337026777486
2017-12-22,-0.004475107216110423
2017-12-21,0.029873611643048685
2017-12-20,0.017320137038446967
2017-12-19,0.01648664013644111
2017-12-18,0.0282012195121952
2017-12-15,0.009850350445160128
2017-12-14,-0.035201710355084515
2017-12-13,-0.012041392285983077
2017-12-12,-0.013485671474058792
2017-12-11,-0.047454545454545444
2017-12-08,-0.041023779270285075
2017-12-07,-0.020791168353265915
2017-12-06,-0.04320432043204318
2017-12-05,-0.010545790934320079
2017-12-04,0.05448222565687791
2017-12-01,0.0479891198756557
2017-11-30,0.03531208245848447
2017-11-29,0.05213903743315516
2017-11-28,0.02713103713680977
2017-11-27,0.003878223773511787
2017-11-24,0.018149536397711614
2017-11-22,0.017609078458227324
2017-11-21,0.03736831643808379
2017-11-20,0.03062848050914875
2017-11-17,0.0340108673777421
2017-11-16,0.02161729383506802
2017-11-15,0.014770459081836367
2017-11-14,0.0035552044242543887
2017-11-13,-0.031393568147013794
2017-11-10,-0.040429200996359445
2017-11-09,-0.050332383665716976
2017-11-08,-0.031843468252445876
2017-11-07,-0.03874503874503869
2017-11-06,0.0
2017-11-03,-0.018882034025051505
2017-11-02,-0.01310125397716644
2017-11-01,-0.017153628652214828
2017-10-31,-0.010348006019563458
2017-10-30,-0.013200075429002504
2017-10-27,0.005247376311844099
2017-10-26,-0.0016822429906542694
2017-10-25,0.011274603477928595
2017-10-24,0.008751902587519041
2017-10-23,-0.005842442517904302
2017-10-20,0.012732801216267612
2017-10-19,0.008556759840273735
2017-10-18,-0.012542119056533164
2017-10-17,-0.020011221245558264
2017-10-16,-0.0028264556246466663
2017-10-13,-0.010158013544018043
2017-10-12,-0.0037714501225721824
2017-10-11,0.013912712025919649
2017-10-10,0.00849377123442814
2017-10-09,-0.006948356807511689
2017-10-06,0.005118483412322334
2017-10-05,0.006188212927756618
2017-10-04,0.0011472275334608467
2017-10-03,0.03425457376411051
2017-10-02,0.051454581436770265
2017-09-29,0.04420218037661044
2017-09-28,0.04745762711864412
2017-09-27,0.04206539074960141
2017-09-26,0.02641661625327677
2017-09-25,0.023920535171295353
2017-09-22,0.028973678841052883
2017-09-21,0.03569218073034875
2017-09-20,0.026337280522662442
2017-09-19,0.017425174251742545
2017-09-18,0.03258145363408511
2017-09-15,0.03524416135881097
2017-09-14,0.05860566448801754
2017-09-13,0.037037037037037035
2017-09-12,0.02805907172995777
2017-09-11,-0.009942004971002567
2017-09-08,-0.0305295950155763
2017-09-07,-0.04631927212572378
2017-09-06,-0.019518272425249124
2017-09-05,-0.009651699538396848
2017-09-01,-0.0008254230293024999
2017-08-31,-0.0041356492969396785
2017-08-30,0.0060644081974069244
2017-08-29,0.007779646761984807
2017-08-28,0.010065003145313566
2017-08-25,0.022151898734177305
2017-08-24,0.022090059473237025
2017-08-23,-0.009718775847808083
2017-08-22,-0.02166802943581362
2017-08-21,-0.03809523809523815
2017-08-18,-0.017001866058469838
2017-08-17,-0.02047569803516033
2017-08-16,-0.012591389114541116
2017-08-15,-0.017150928167877347
2017-08-14,-0.01663993584603058
2017-08-11,-0.04740091615216097
2017-08-10,-0.039952295766249354
2017-08-09,-0.02120491478398732
2017-08-08,-0.012255386440007995
2017-08-07,-0.011676231941421006
2017-08-04,0.004197481511093361
2017-08-03,-0.008935663224781629
2017-08-02,-0.006506309148264951
2017-08-01,-0.018435862604308226
2017-07-31,-0.01990632318501177
2017-07-28,-0.00398644608331678
2017-07-27,-0.0009889240506329956
2017-07-26,-0.0007917656373714618
2017-07-25,0.02121332275971452
2017-07-24,0.007764284292255636
2017-07-21,-0.0033703409992068716
2017-07-20,0.004765687053216878
2017-07-19,-0.005710909807010617
2017-07-18,0.000595001983339967
2017-07-17,-0.006897910918407596
2017-07-14,-0.010995483997643869
2017-07-13,-0.002943485086342201
2017-07-12,-0.012456208641494755
2017-07-11,-0.02525057825751739
2017-07-10,0.0009854158454867393
2017-07-07,0.0023464998044582996
2017-07-06,-0.0009830908375933378
2017-07-05,0.03622459247333476
2017-07-03,0.042347247428917004
2017-06-30,0.029704984740590048
2017-06-29,0.03346855983772831
2017-06-28,0.023606023606023537
2017-06-27,-0.02060221870047542
2017-06-26,-0.036609240407204334
2017-06-23,-0.04967015909972841
2017-06-22,-0.052030947775628715
2017-06-21,-0.028257456828885356
2017-06-20,-0.02217898832684826
2017-06-19,-0.015618974161203284
2017-06-16,-0.01747311827956983
2017-06-15,0.020808561236623013
2017-06-14,0.06024590163934437
2017-06-13,0.07314546208039788
2017-06-12,0.07689101896228376
2017-06-09,0.0594605639558644
2017-06-08,0.03338829348722171
2017-06-07,0.010390689941812137
2017-06-06,-0.0016597510373445102
2017-06-05,0.0018591200165255818
2017-06-02,-0.004086636697997461
2017-06-01,-0.007123956849175685
2017-05-31,-0.030168050212593684
2017-05-30,-0.012302645068689796
2017-05-26,0.005155702206640544
2017-05-25,0.006777572396796168
2017-05-24,0.023600668337510348
2017-05-23,0.005297473512632541
2017-05-22,-0.026400000000000007
2017-05-19,-0.018653690186536936
2017-05-18,-0.021966948810963248
2017-05-17,-0.048307265887942936
2017-05-16,-0.008107573660272963
2017-05-15,-0.021904948171328074
2017-05-12,-0.029792238337906764
2017-05-11,-0.02752293577981645
2017-05-10,-0.013637249172024074
2017-05-09,0.005559968228753001
2017-05-08,0.001173708920187838
2017-05-05,0.006718039913060727
2017-05-04,-0.010479332427711995
2017-05-03,-0.02735794911038836
2017-05-02,-0.02017850213426463
2017-05-01,-0.015449980687524222
2017-04-28,-0.015252248728979295
2017-04-27,0.02755040926332592
2017-04-26,0.053195792880258955
2017-04-25,0.05226623111474076
2017-04-24,0.06040546131568048
2017-04-21,0.05018820577164363
2017-04-20,0.032879818594104285
2017-04-19,-0.010492332526230894
2017-04-18,-0.005316973415132884
2017-04-17,-0.018185492018589586
2017-04-13,-0.02823481616900251
2017-04-12,-0.003060599877575976
2017-04-11,-0.00540973752754951
2017-04-10,-0.009865109724179625
2017-04-07,-0.022336430124530588
2017-04-06,-0.02898550724637689
2017-04-05,-0.009704811969268175
2017-04-04,0.006854838709677345
2017-04-03,0.020650173788591398
2017-03-31,0.048684483115806795
2017-03-30,0.027626537608388735
2017-03-29,0.02146542827657377
2017-03-28,0.021385975735142896
2017-03-27,-0.05681818181818187
2017-03-24,-0.06083795676296154
2017-03-23,-0.0645654250238778
2017-03-22,-0.06495759444872792
2017-03-21,-0.057340773523186395
2017-03-20,0.0011612154054576188
2017-03-17,0.016279069767441787
2017-03-16,-0.004575786463298417
2017-03-15,-0.004231582996730119
2017-03-14,-0.020943396226415084
2017-03-13,-0.015151515151515098
2017-03-10,-0.02211302211302201
2017-03-09,-0.026073907334458836
2017-03-08,-0.04602126879354598
2017-03-07,-0.02157336804909808
2017-03-06,-0.010299625468164741
2017-03-03,-0.0054256314312442705
2017-03-02,-0.010288065843621479
2017-03-01,0.008176918788329265
2017-02-28,-0.010857356795207756
2017-02-27,-0.0016772269847185298
2017-02-24,0.006221719457013543
2017-02-23,0.009010700206495154
2017-02-22,0.009398496240601503
2017-02-21,0.019011406844106463
2017-02-17,0.020853261909316936
2017-02-16,0.011940864291129692
2017-02-15,0.045936395759717384
2017-02-14,0.03587443946188348
2017-02-13,0.01470019342359764
2017-02-10,-0.0015369836695484783
2017-02-09,0.0019406171162429928
2017-02-08,-0.007806401249024172
2017-02-07,-0.017945780832378862
2017-02-06,0.005445352003111651
2017-02-03,-0.0022953328232594595
2017-02-02,-0.03782863627766219
2017-02-01,-0.02663895711316827
2017-01-31,-0.014293882218410521
2017-01-30,0.011564092512740029
2017-01-27,0.020570541432175477
2017-01-26,0.027713178294573638
2017-01-25,0.03152535735265321
2017-01-24,0.02684563758389275
2017-01-23,-0.022618363043894953
2017-01-20,-0.012162162162162074
2017-01-19,-0.04378184563125118
2017-01-18,-0.031908831908831904
2017-01-17,-0.03191896024464835
2017-01-13,-0.0072243346007605045
2017-01-12,-0.017277387507119872
2017-01-11,-0.01178671655753045
2017-01-10,-0.006433301797540272
2017-01-09,-0.03478179783662803
2017-01-06,-0.014650638617580787
2017-01-05,-0.0163357062570251
2017-01-04,-0.003536857781087076
2017-01-03,-0.010121836925960621
2016-12-30,-0.011235955056179803
2016-12-29,-0.008238157648380411
2016-12-28,-0.003182924545965074
2016-12-27,0.009175782723500555
2016-12-23,0.02250432775533746
2016-12-22,-0.006540833489067491
2016-12-21,0.013248711586180547
2016-12-20,0.018310127789433545
2016-12-19,-0.010180995475113107
2016-12-16,-0.0405305821665439
2016-12-15,-0.015123226288274874
2016-12-14,-0.008181126331811258
2016-12-13,0.004785604900459418
2016-12-12,0.019125683060109228
2016-12-09,0.05194805194805196
2016-12-08,0.055996822875297864
2016-12-07,0.03177755710029794
2016-12-06,0.03874873864783051
2016-12-05,0.024848484848484786
2016-12-02,-0.0016016016016017097
2016-12-01,-0.002381424885890007
2016-11-30,-0.008216432865731396
2016-11-29,0.0022366815778771744
2016-11-28,-0.006490872210953353
2016-11-25,0.030115511551155136
2016-11-23,0.02928438853371818
2016-11-22,0.03309121269046128
2016-11-21,0.025937565472449336
2016-11-18,0.020894274968658588
2016-11-17,0.05816750492018377
2016-11-16,0.07814382022471916
2016-11-15,0.16824013556039688
2016-11-14,0.14832535885167472
2016-11-11,0.13347763347763358
2016-11-10,0.1198529411764706
2016-11-09,0.07841691248770889
2016-11-08,0.01360874848116652
2016-11-07,0.004493761996161239
2016-11-04,-0.012569494802997246
2016-11-03,-0.0243960774934227
2016-11-02,-0.026798948123356328
2016-11-01,-0.006513872135102608
2016-10-31,-0.0059865900383141765
2016-10-28,-0.01243126942385838
2016-10-27,0.010201603109060035
2016-10-26,0.002178960096735178
2016-10-25,0.011421628189550398
2016-10-24,0.011410536537994632
2016-10-21,0.005350194552529329
2016-10-20,0.0029119145838388118
2016-10-19,0.003628447024673405
2016-10-18,-0.014538017324350306
2016-10-17,-0.026975411792790702
2016-10-14,-0.020982355746304138
2016-10-13,-0.021593090211132402
2016-10-12,-0.0004796163069545114
2016-10-11,0.00993456131846826
2016-10-10,0.02262223303332522
2016-10-07,0.023970588235294157
2016-10-06,0.020014644862094224
2016-10-05,0.0019193857965450647
2016-10-04,0.0043923865300146345
2016-10-03,0.012760158572844415
2016-09-30,0.004188761858428696
2016-09-29,-0.018799710773680433
2016-09-28,0.0025510204081633622
2016-09-27,-0.0068284947548183685
2016-09-26,-0.017454545454545427
2016-09-23,0.0052501214181641725
2016-09-22,0.013675213675213556
2016-09-21,0.011570654849827819
2016-09-20,-0.005230247212796936
2016-09-19,-0.011588604538870206
2016-09-16,-0.006784589290041219
2016-09-15,-0.0200716845878137
2016-09-14,-0.0243960774934227
2016-09-13,-0.00459381044487422
2016-09-12,-0.011148007590132802
2016-09-09,-0.01050382043935056
2016-09-08,-0.003284150404569377
2016-09-07,-0.0014336917562724556
2016-09-06,-0.0032036503362152195
2016-09-02,0.014002897151134676
2016-09-01,0.008236434108527042
2016-08-31,0.027689291840235122
2016-08-30,0.02449779519843214
2016-08-29,0.01986754966887405
2016-08-26,0.017507396449704067
2016-08-25,0.013310327828444643
2016-08-24,0.012397718819737169
2016-08-23,0.0177057356608479
2016-08-22,0.011709018435475806
2016-08-19,0.01297654690618761
2016-08-18,0.01906673356748615
2016-08-17,0.005735660847880221
2016-08-16,-0.0024807740014884997
2016-08-15,0.004982561036372767
2016-08-12,-0.011627906976744158
2016-08-11,0.014441347859133527
2016-08-10,0.024730631092868285
2016-08-09,0.04479544277576396
2016-08-08,0.03161141094834243
2016-08-05,0.02309058614564841
2016-08-04,-0.009125475285171087
2016-08-03,-0.015021459227467783
2016-08-02,-0.022250316055625677
2016-08-01,-0.0025608194622277675
2016-07-29,-0.0018653113087674577
2016-07-28,0.017259144770736777
2016-07-27,0.007793630573248438
2016-07-26,-0.0022761760242791173
2016-07-25,0.0024017740899986923
2016-07-22,-0.0072900955253896215
2016-07-21,-0.017906683480453996
2016-07-20,-0.010831234256926944
2016-07-19,0.01175869120654399
2016-07-18,0.008518479708229961
2016-07-15,0.03926701570680628
2016-07-14,0.060443968975661885
2016-07-13,0.06221260481471475
2016-07-12,0.07753150684931513
2016-07-11,0.036877523553162976
2016-07-08,-0.0007903055848261627
2016-07-07,-0.003209414281893486
2016-07-06,0.022966242390702774
2016-07-05,0.04402158477705189
2016-07-01,0.02769399506443647
2016-06-30,0.020400000000000047
2016-06-29,-0.04769230769230768
2016-06-28,-0.05010755508919203
2016-06-27,-0.07303664921465984
2016-06-24,-0.03101182654402102
2016-06-23,0.04520074448285038
2016-06-22,0.011686586985391895
2016-06-21,0.009205681220410161
2016-06-20,-0.005981794538361612
2016-06-17,-0.03234086242299789
2016-06-16,-0.031490015360983205
2016-06-15,-0.03978814627994948
2016-06-14,-0.04017180394138445
2016-06-13,-0.033082706766917304
2016-06-10,-0.008611955420465965
2016-06-09,-0.0037735849056603414
2016-06-08,0.001254075746175176
2016-06-07,0.0050505050505049425
2016-06-06,-0.001001251564455726
2016-06-03,0.0012674271229403589
2016-06-02,0.003003754693366644
2016-06-01,0.008829465186680157
2016-05-31,0.022849807445442887
2016-05-27,0.03776041666666674
2016-05-26,0.030049647243271454
2016-05-25,0.032710280373831724
2016-05-24,0.056644295302013405
2016-05-23,0.02121453195438868
2016-05-20,0.032893733902824566
2016-05-19,0.013228705495612586
2016-05-18,0.016023115313895442
2016-05-17,-0.023341201153947038
2016-05-16,0.0023809523809524714
2016-05-13,-0.010342084327764534
2016-05-12,0.016072863648540086
2016-05-11,0.0021091484313208093
2016-05-10,0.0032253817798842096
2016-05-09,-0.026936026936026914
2016-05-06,-0.027166882276843395
2016-05-05,-0.027748962655601665
2016-05-04,-0.029797071667094697
2016-05-03,-0.026496815286624183
2016-05-02,0.006713142266976637
2016-04-29,-0.003859017236943622
2016-04-28,0.00545029846872569
2016-04-27,0.0061664953751283365
2016-04-26,0.02719665271966525
2016-04-25,0.014158363922391167
2016-04-22,0.04057661505605969
2016-04-21,0.02498006909380807
2016-04-20,0.03779628443305584
2016-04-19,0.05751238304898173
2016-04-18,0.05757997218358832
2016-04-15,0.0525580095051718
2016-04-14,0.05865843390401337
2016-04-13,0.045644308377400515
2016-04-12,0.010845383759733053
2016-04-11,-0.013223140495867683
2016-04-08,-0.033188248095756226
2016-04-07,-0.030693340641271705
2016-04-06,-0.01901140684410654
2016-04-05,-0.031587473002159874
2016-04-04,0.010779436152570496
2016-04-01,0.0046524356869184925
2016-03-31,0.020839121978327314
2016-03-30,-0.000540540540540625
2016-03-29,-0.009456903539583936
2016-03-28,-0.01960784313725482
2016-03-24,-0.0016415868673049295
2016-03-23,0.01193449902858728
2016-03-22,0.02087338643229896
2016-03-21,0.020844761382336752
2016-03-18,0.009206607094503206
2016-03-17,0.00327242977911092
2016-03-16,-0.006329113924050742
2016-03-15,0.0005477951246234765
2016-03-14,0.002993197278911549
2016-03-11,0.015851325498770108
2016-03-10,-0.017348875033884537
2016-03-09,-0.002348229423950766
2016-03-08,0.021226315567371402
2016-03-07,0.05932932072227
2016-03-04,0.04936105381185111
2016-03-03,0.051736131072147196
2016-03-02,0.05591334894613594
2016-03-01,0.05177514792899409
2016-02-29,-0.00719010641357492
2016-02-26,0.007754164273406178
2016-02-25,0.01524926686216997
2016-02-24,-0.013552479815455562
2016-02-23,-0.025414049114791563
2016-02-22,0.0063786604812988935
2016-02-19,0.0349292381812706
2016-02-18,0.039902528175449356
2016-02-17,0.009958992384299833
2016-02-16,0.0356394129979035
2016-02-12,0.005349182763744419
2016-02-11,-0.06017852001151732
2016-02-10,-0.025514641925195782
2016-02-09,-0.03324734881054754
2016-02-08,-0.03601028865390126
2016-02-05,-0.03737259343148359
2016-02-04,-0.005442566599828065
2016-02-03,-0.004323144230575427
2016-02-02,0.012337774853964267
2016-02-01,0.06434155141310886
2016-01-29,0.05101739899734604
2016-01-28,0.023160363529756645
2016-01-27,-0.0066782810685248805
2016-01-26,0.009187907528156347
2016-01-25,-0.051679586563307414
2016-01-22,-0.0020426028596440115
2016-01-21,-0.036519258202567594
2016-01-20,-0.05250345399281556
2016-01-19,-0.05622600109709282
2016-01-15,-0.042311946902654704
2016-01-14,-0.05628517823639778
2016-01-13,-0.05466847090663066
2016-01-12,-0.033386752136752136
2016-01-11,-0.04842105263157904
2016-01-08,-0.07343605546995378
2016-01-07,-0.06246812850586425
2016-01-06,-0.05827913956978485
2016-01-05,-0.047499371701432536
2016-01-04,-0.046670030272452104
2015-12-31,-0.007131940906775373
2015-12-30,0.00993883792048931
2015-12-29,0.02120879120879108
2015-12-28,0.004074357015533399
2015-12-24,-0.015687250996015825
2015-12-23,-0.01925000000000008
2015-12-22,-0.022499999999999964
2015-12-21,0.001031193606599617
2015-12-18,0.006233766233766286
2015-12-17,0.018045888115493756
2015-12-16,0.017820773930753455
2015-12-15,-0.009504752376187982
2015-12-14,-0.03899652260307999
2015-12-11,-0.06269668361171638
2015-12-10,-0.031769305962854454
2015-12-09,-0.04954304954304943
2015-12-08,-0.051785292031213
2015-12-07,-0.0295167817186383
2015-12-04,-0.016765053128689512
2015-12-03,-0.031190926275992445
2015-12-02,-0.014928909952606696
2015-12-01,0.011007418042593942
2015-11-30,-0.006842850401132589
2015-11-27,0.00816130580892951
2015-11-25,0.009874759152215716
2015-11-24,0.024443901246638967
2015-11-23,0.023027927486526156
2015-11-20,0.03517086555250677
2015-11-19,0.018495684340320593
2015-11-18,-0.006002400960384154
2015-11-17,-0.03513322329639224
2015-11-16,-0.02972651605231867
2015-11-13,-0.04195306944773634
2015-11-12,-0.03018298479087451
2015-11-11,0.026631319358816328
2015-11-10,0.041708043694141
2015-11-09,0.043568215892053806
2015-11-06,0.06010101010100998
2015-11-05,-0.0065518078136375425
2015-11-04,-0.012239902080783353
2015-11-03,0.024452368823229775
2015-11-02,0.016453164556962087
2015-10-30,-0.011708542713567688
2015-10-29,0.0235323886639676
2015-10-28,0.0467337980893365
2015-10-27,-0.004067107269954339
2015-10-26,0.025634386328327343
2015-10-23,0.03487766788131172
2015-10-22,0.006695853721349604
2015-10-21,0.009458749343142392
2015-10-20,-0.00025549310168620365
2015-10-19,-0.019083969465648856
2015-10-16,-0.009479887266205599
2015-10-15,-0.01950848745882939
2015-10-14,-0.03275332650972367
2015-10-13,0.01641052357384742
2015-10-12,0.021309771309771318
2015-10-09,0.02338413032054652
2015-10-08,0.04656732304417244
2015-10-07,0.016154247003647666
2015-10-06,0.004725649776844308
2015-10-05,0.011876484560570146
2015-10-02,-0.00921780352910196
2015-10-01,-0.006248372819578102
2015-09-30,0.01945110578204095
2015-09-29,-0.0007580174927112986
2015-09-28,0.009906291834002608
2015-09-25,0.018709246392303557
2015-09-24,0.013365410318096767
2015-09-23,-0.02024396574098108
2015-09-22,-0.030725535760392404
2015-09-21,-0.007097791798107151
2015-09-18,-0.022333158171308497
2015-09-17,0.002380322665961288
2015-09-16,0.028692879914984013
2015-09-15,0.018940990516333012
2015-09-14,0.019887670500133743
2015-09-11,0.023777357470953865
2015-09-10,0.02607200866269638
2015-09-09,0.02260348583877991
2015-09-08,0.013226238286479244
2015-09-04,-0.010337439742903127
2015-09-03,-0.0019962436275826195
2015-09-02,-0.02415204678362573
2015-09-01,-0.00575815738963534
2015-08-31,0.007486631016042812
2015-08-28,-0.0069314849373499875
2015-08-27,-0.01921052631578939
2015-08-26,-0.046640766640766704
2015-08-25,-0.08351870576339741
2015-08-24,-0.08760040160642575
2015-08-21,-0.03890853966649821
2015-08-20,-0.025140377743746795
2015-08-19,0.003590466427473008
2015-08-18,0.01916891804965901
2015-08-17,-0.005005005005005076
2015-08-14,-0.03289950980392144
2015-08-13,-0.020367110887603776
2015-08-12,-0.035891089108910784
2015-08-11,-0.0034559193954659946
2015-08-10,0.005028916268544021
2015-08-07,-0.0035398230088495722
2015-08-06,0.010162601626016224
2015-08-05,0.022816973415132967
2015-08-04,0.011195928753180786
2015-08-03,-0.005520702634880774
2015-07-31,0.009417154492237146
2015-07-30,-0.014435042309606728
2015-07-29,-0.0355305072286205
2015-07-28,-0.015499999999999936
2015-07-27,-0.03195673549655843
2015-07-24,-0.013743781094527412
2015-07-23,-0.039128660585693684
2015-07-22,0.00419856754754247
2015-07-21,-0.004222553402881138
2015-07-20,0.003483453595421761
2015-07-17,-0.01543361097501231
2015-07-16,0.00998253057149984
2015-07-15,0.030883103624298133
2015-07-14,0.041634341867080406
2015-07-13,0.01696202531645574
2015-07-10,0.01140684410646377
2015-07-09,-0.027200791295746648
2015-07-08,-0.04785276073619639
2015-07-07,-0.01707255837308561
2015-07-06,-0.014716887004240543
2015-07-02,-0.02294596595114729
2015-07-01,-0.008214462605250246
2015-06-30,-0.014622057001239242
2015-06-29,-0.025432098765432128
2015-06-26,0.013230154767848255
2015-06-25,0.016868076535750294
2015-06-24,0.02054794520547933
2015-06-23,0.010964365811113822
2015-06-22,0.017239543726235637
2015-06-19,0.006075949367088658
2015-06-18,0.005060759493670874
2015-06-17,-0.011388259007306582
2015-06-16,0.009802481640921668
2015-06-15,0.022116144630596874
2015-06-12,0.02245161290322574
2015-06-11,0.033734309623430936
2015-06-10,0.03561615929462405
2015-06-09,0.029486571879936845
2015-06-08,0.036074291822554734
2015-06-05,0.026072852964637135
2015-06-04,0.0042902542372881105
2015-06-03,0.018840233545647494
2015-06-02,0.013655597214782931
2015-06-01,0.001877682403433484
2015-05-29,-0.001887795798989576
2015-05-28,-0.0029992065591114975
2015-05-27,-0.007888509071785545
2015-05-26,-0.015608465608465513
2015-05-22,0.01264800861141028
2015-05-21,0.004801280341424372
2015-05-20,0.004783417486048358
2015-05-19,0.010669511869831916
2015-05-18,0.017529665587917978
2015-05-15,0.002745735174654702
2015-05-14,0.012940858763164967
2015-05-13,0.01406369080021775
2015-05-12,0.015809705561614016
2015-05-11,0.013406292749658058
2015-05-08,0.014544456641053818
2015-05-07,-0.0016330425299890664
2015-05-06,-0.008144134380926465
2015-05-05,-0.013004605797886669
2015-05-04,0.0009594095940959385
2015-05-01,-0.01749120433017601
2015-04-30,-0.012934518997574694
2015-04-29,0.002190965647822642
2015-04-28,0.004338394793926155
2015-04-27,-0.015368023726071723
2015-04-24,0.003815753611338255
2015-04-23,0.002705627705627744
2015-04-22,-0.008044527896995734
2015-04-21,0.0008096398591930089
2015-04-20,-0.0024303865909705348
2015-04-17,-0.004632152588555904
2015-04-16,0.011737472766884654
2015-04-15,0.014974135583991405
2015-04-14,0.001090215317525188
2015-04-13,0.007358233369683746
2015-04-10,0.010546783424119063
2015-04-09,-0.0032714870395634714
2015-04-08,0.0014207500684367993
2015-04-07,-0.000816939890710517
2015-04-06,0.011065006915629283
2015-04-02,0.011007431874483962
2015-04-01,0.017514595496246944
2015-03-31,0.004663738676914587
2015-03-30,-0.002442996742671102
2015-03-27,-0.021709633649932274
2015-03-26,-0.015017715998909645
2015-03-25,-0.014234875444839944
2015-03-24,-0.0013811854268624905
2015-03-23,0.01114529501686483
2015-03-20,0.0009280868385345577
2015-03-19,-0.008960086885690968
2015-03-18,0.012644124168514485
2015-03-17,0.032143860635009784
2015-03-16,0.020847928829580312
2015-03-13,0.021205357142857085
2015-03-12,0.026815642458100586
2015-03-11,0.004051627384960646
2015-03-10,-0.011357956123299054
2015-03-09,0.009726867335562894
2015-03-06,0.005803646563814994
2015-03-05,-0.00418481295365724
2015-03-04,0.000642072655590079
2015-03-03,0.00027964205816569115
2015-03-02,0.006183249016301262
2015-02-27,0.001124543154343524
2015-02-26,0.0062017469709776014
2015-02-25,0.0085099150141644
2015-02-24,-0.0031808035714286915
2015-02-23,-0.013943112102621306
2015-02-20,0.0011217317964577714
2015-02-19,0.003163698049194393
2015-02-18,0.007679180887372104
2015-02-17,0.01991183162684887
2015-02-13,0.006120326117514778
2015-02-12,0.011519954712708847
2015-02-11,0.01274776076278538
2015-02-10,0.01608264653334111
2015-02-09,0.03650279658522231
2015-02-06,0.07545536791314855
2015-02-05,0.04956703493580163
2015-02-04,0.03263473053892226
2015-02-03,0.014055636896046969
2015-02-02,-0.014804063860667781
2015-01-30,-0.036733507701249515
2015-01-29,-0.033278829604130804
2015-01-28,-0.010113027959547778
2015-01-27,0.017313432835820843
2015-01-26,0.017168141592920377
2015-01-23,0.03427064496684761
2015-01-22,0.02755555555555555
2015-01-21,0.0017964071856288106
2015-01-20,-0.021574344023323467
2015-01-16,-0.01740644038294173
2015-01-15,-0.056202100482543205
2015-01-14,-0.0341683366733467
2015-01-13,-0.025817555938037827
2015-01-12,-0.039710511523327725
2015-01-09,-0.04035624826050662
2015-01-08,-0.03640432267219725
2015-01-07,-0.06411637931034471
2015-01-06,-0.05789616743680355
2015-01-05,-0.03533351483800695
2015-01-02,-0.007934336525307775
2014-12-31,0.004098360655737666
2014-12-30,0.015344075100875756
2014-12-29,0.014576364134905526
2014-12-26,0.007421211290764627
2014-12-24,0.010785398230088512
2014-12-23,0.0368480725623582
2014-12-22,0.04644495412844029
2014-12-19,0.023916713562183497
2014-12-18,0.019660207806795817
2014-12-17,0.0008391608391608709
2014-12-16,-0.030975877192982334
2014-12-15,-0.021708878374617345
2014-12-12,-0.03283205268935228
2014-12-11,-0.0058463251670378856
2014-12-10,0.0003580419580419186
2014-12-09,0.032786885245901544
2014-12-08,0.030375426621160554
2014-12-05,0.012986904430203323
2014-12-04,-0.016021416803953893
2014-12-03,-0.01858431265373071
2014-12-02,-0.018768975986751306
2014-12-01,-0.02906976744186039
2014-11-28,-0.02329405316525079
2014-11-26,0.01983794355965356
2014-11-25,0.0005462530881141863
2014-11-24,-0.006817562039814562
2014-11-21,-0.01726226363387227
2014-11-20,-0.020568335588633427
2014-11-19,-0.030428109854604167
2014-11-18,-0.010354223433242576
2014-11-17,-0.010040805223068444
2014-11-14,-0.003260869565217322
2014-11-13,0.0005422993492406729
2014-11-12,0.019677507515714645
2014-11-11,0.00711548987411051
2014-11-10,0.016533480297602685
2014-11-07,0.01020971302428249
2014-11-06,0.02778557395453255
2014-11-05,0.01959137979289121
2014-11-04,0.02472324723247239
2014-11-03,0.050405561993047354
2014-10-31,0.06943218593704029
2014-10-30,0.0469327854417375
2014-10-29,0.048809173772419986
2014-10-28,0.03522160258291761
2014-10-27,0.022666269012824276
2014-10-24,0.02615453998797358
2014-10-23,0.011565836298932401
2014-10-22,0.038957055214723806
2014-10-21,0.036711165048543715
2014-10-20,-0.007772795216741558
2014-10-17,0.007874015748031435
2014-10-16,0.011511663132384204
2014-10-15,-0.029481132075471695
2014-10-14,0.005037571385632707
2014-10-13,-0.014272970561998333
2014-10-10,-0.037470725995315986
2014-10-09,-0.030498533724340148
2014-10-08,0.013456937799043148
2014-10-07,-0.02460456942003525
2014-10-06,-0.011998829382499377
2014-10-03,0.005500000000000111
2014-10-02,-0.009976525821596137
2014-10-01,-0.02328288707799759
2014-09-30,-0.01324403028538165
2014-09-29,-0.01656358381502901
2014-09-26,-0.03432340425531908
2014-09-25,-0.05140111420612818
2014-09-24,-0.01736902050113894
2014-09-23,-0.014390732265446323
2014-09-22,-0.009361702127659527
2014-09-19,-0.007869589657110768
2014-09-18,0.00114333990425246
2014-09-17,0.001997716894977177
2014-09-16,0.005376220562894806
2014-09-15,0.0037026488180006427
2014-09-12,0.012546335899629248
2014-09-11,0.014567266495287208
2014-09-10,-0.000566411781365141
2014-09-09,-0.014922206506365018
2014-09-08,0.003514130745075674
2014-09-05,0.006607296753806287
2014-09-04,0.00265446224256284
2014-09-03,-0.0029425478199559874
2014-09-02,0.00913763563677899
2014-08-29,-0.0048488305761552105
2014-08-28,0.0
2014-08-27,0.014223512336719734
2014-08-26,0.018005780346820738
2014-08-25,0.014202898550724695
2014-08-22,0.021089630931458665
2014-08-21,0.016736719206071206
2014-08-20,0.0087899208907119
2014-08-19,0.013231402528668123
2014-08-18,0.009375915616759456
2014-08-15,-0.003224860744649646
2014-08-14,0.009769094138543466
2014-08-13,0.007352941176470588
2014-08-12,0.003927617917531799
2014-08-11,0.013959013959013925
2014-08-08,0.0
2014-08-07,-0.012357937902753392
2014-08-06,-0.01334106728538265
2014-08-05,-0.020905923344947702
2014-08-04,-0.01705042261731276
2014-08-01,-0.02738541366387996
2014-07-31,-0.011284722222222238
2014-07-30,-0.0006591500433652415
2014-07-29,-0.0026119618607339636
2014-07-28,-0.009809578765147039
2014-07-25,0.005512039454598136
2014-07-24,0.016349020754165458
2014-07-23,-0.010060362173038271
2014-07-22,-0.03188695163104623
2014-07-21,-0.021663837011884724
2014-07-18,-0.02199661590524538
2014-07-17,-0.028290888511601595
2014-07-16,-0.007363198185426772
2014-07-15,-0.012276785714285848
2014-07-14,-0.023004434589800397
2014-07-11,-0.03490013679890554
2014-07-10,-0.025124240750966222
2014-07-09,-0.02220394736842092
2014-07-08,-0.006971556051310653
2014-07-07,0.005292479108635232
2014-07-03,0.026315789473684147
2014-07-02,0.007791771620487123
2014-07-01,0.029855646759128225
2014-06-30,0.004311310190369638
2014-06-27,-0.008775680177679228
2014-06-26,-0.003919220055710178
2014-06-25,-0.009153952843273186
2014-06-24,-0.0069860335195529675
2014-06-23,0.016174801362088542
2014-06-20,0.019502543810062115
2014-06-19,0.005046257359125307
2014-06-18,0.014493938539610915
2014-06-17,-0.001670378619153738
2014-06-16,-0.021895787139689555
2014-06-13,-0.00791713325867866
2014-06-12,0.0
2014-06-11,0.03151199768719272
2014-06-10,0.04220583983810342
2014-06-09,0.05787781350482306
2014-06-06,0.048164464023494884
2014-06-05,0.03484626647144963
2014-06-04,0.012323943661971882
2014-06-03,0.005244755244755236
2014-06-02,0.012352941176470638
2014-05-30,0.009467455621301784
2014-05-29,0.01763826606875923
2014-05-28,0.02028639618138424
2014-05-27,0.01899673493618286
2014-05-23,0.02669082125603866
2014-05-22,0.01701294790725678
2014-05-21,0.015231888451045702
2014-05-20,-0.021046477638117476
2014-05-19,-0.03220241518113871
2014-05-16,-0.03072095738470505
2014-05-15,-0.014583209730050378
2014-05-14,-0.010038472920982486
2014-05-13,0.017497034400949095
2014-05-12,0.022026431718061675
2014-05-09,-0.017908723281340192
2014-05-08,-0.01802849665600458
2014-05-07,-0.012521840419336249
2014-05-06,-0.01580796252927398
2014-05-05,-0.01422351233671994
2014-05-02,-0.003475372392383576
2014-05-01,-0.021785611923187197
2014-04-30,-0.04631447587354423
2014-04-29,-0.03932865168539331
2014-04-28,-0.02704987320371938
2014-04-25,-0.03470982142857162
2014-04-24,-0.005675368898978514
2014-04-23,0.015645115351751705
2014-04-22,0.014827487881380186
2014-04-21,0.014823261117445929
2014-04-17,0.022343168146662883
2014-04-16,-0.028911845730027405
2014-04-15,-0.04306284153005475
2014-04-14,-0.040351358770244275
2014-04-11,-0.0422914379802415
2014-04-10,-0.06033101975440464
2014-04-09,-0.036663124335813035
2014-04-08,-0.03822204557498682
2014-04-07,-0.0210129310344826
2014-04-04,0.0027427317608338295
2014-04-03,0.03592152528322753
2014-04-02,0.024330235101148186
2014-04-01,-0.0015974440894569294
2014-03-31,-0.01523249599144843
2014-03-28,-0.04188759278897133
2014-03-27,-0.05203679369250978
2014-03-26,-0.005672609400324172
2014-03-25,-0.0021430484864719606
2014-03-24,-0.002948271240954152
2014-03-21,0.010255445012100009
2014-03-20,0.025325027085590333
2014-03-19,-0.00758988015978686
2014-03-18,0.018138006571741458
2014-03-17,0.006839904420549558
2014-03-14,-0.0061114115738236646
2014-03-13,-0.003697661772702631
2014-03-12,0.009984099295353457
2014-03-11,0.005663474692202483
2014-03-10,0.03369248035914705
2014-03-07,0.04218980169971672
2014-03-06,0.029229904440696997
2014-03-05,0.03038046564452017
2014-03-04,0.045781474046458354
2014-03-03,0.009714285714285812
2014-02-28,0.03593161402492037
2014-02-27,0.027906976744186074
2014-02-26,0.025138848289973675
2014-02-25,-0.009025992573550284
2014-02-24,-0.0008571428571428896
2014-02-21,-0.007910060536177573
2014-02-20,0.0031994041073194826
2014-02-19,-0.016537021031402997
2014-02-18,0.036761229314420794
2014-02-14,0.016110134739308644
2014-02-13,0.015258215962441406
2014-02-12,0.021617122473246025
2014-02-11,0.021984551396316162
2014-02-10,0.020739404869251507
2014-02-07,-0.019999999999999934
2014-02-06,-0.038360329639101964
2014-02-05,-0.03897965032960732
2014-02-04,-0.03971428571428573
2014-02-03,-0.0580369843527738
2014-01-31,-0.038729849916620235
2014-01-30,-0.03093922651933714
2014-01-29,-0.05316525075363126
2014-01-28,-0.032392621145374376
2014-01-27,-0.013434089000839543
2014-01-24,0.008947666195190898
2014-01-23,0.01146211909421293
2014-01-22,0.026429372197309356
2014-01-21,0.023563186039966103
2014-01-17,-0.009161576901721416
2014-01-16,-0.010605637733742547
2014-01-15,-0.008584879534754978
2014-01-14,-0.0008424599831508323
2014-01-13,-0.004501969611705025
2014-01-10,-0.009331484049930585
2014-01-09,-0.006396446418656386
2014-01-08,-0.016008832459287838
2014-01-07,-0.031817688551275154
2014-01-06,-0.026070252469813277
2014-01-03,-0.03396739130434783
2014-01-02,-0.039940828402366846
2013-12-31,-0.009472763071537837
2013-12-30,0.0010362694300518527
2013-12-27,0.01727602567680714
2013-12-26,0.026958719460825634
2013-12-24,0.03889835320840444
2013-12-23,0.013494713411240943
2013-12-20,0.07300357568533956
2013-12-19,-0.0014072614691810939
2013-12-18,0.01374323939652711
2013-12-17,0.0005676979846722432
2013-12-16,-0.004488078541374379
2013-12-13,-0.03124136024329562
2013-12-12,-0.02092050209205021
2013-12-11,-0.013352305065452496
2013-12-10,-0.005942808607021448
2013-12-09,-0.01224450013923684
2013-12-06,-0.005828476269775211
2013-12-05,-0.019515590200445448
2013-12-04,-0.01368184373243382
2013-12-03,-0.007076966610073664
2013-12-02,-0.0004944899689177252
2013-11-29,0.03409807857757385
2013-11-27,0.04228314476356261
2013-11-26,0.044203747072599685
2013-11-25,0.03302162478083
2013-11-22,0.025102159953298293
2013-11-21,0.016030311862430695
2013-11-20,-0.022597254004576635
2013-11-19,0.008016504568228661
2013-11-18,0.004976580796252978
2013-11-15,-0.005078351712130129
2013-11-14,0.03027577937649874
2013-11-13,0.015138023152270856
2013-11-12,-0.0008833922261484434
2013-11-11,0.023880597014925287
2013-11-08,0.03265428400239653
2013-11-07,-0.002691387559808502
2013-11-06,-0.013169446883230986
2013-11-05,-0.014416004707266901
2013-11-04,-0.017888563049853354
2013-11-01,-0.027680652680652763
2013-10-31,-0.0053175775480059
2013-10-30,0.00709010339734127
2013-10-29,0.009798099762470258
2013-10-28,0.01485001485001485
2013-10-25,0.00832342449464926
2013-10-24,0.0008870490833826475
2013-10-23,0.01535219747140271
2013-10-22,0.016601267733172265
2013-10-21,0.02185128983308039
2013-10-18,0.021871202916160352
2013-10-17,0.03596899224806191
2013-10-16,0.03902591320636903
2013-10-15,0.04141637685741381
2013-10-14,0.0402769037130271
2013-10-11,0.03003754693366711
2013-10-10,0.00999063378083048
2013-10-09,-0.01222953904045157
2013-10-08,-0.03479853479853471
2013-10-07,-0.02017895711200236
2013-10-04,-0.0065035614741406275
2013-10-03,-0.0028054862842892725
2013-10-02,-0.004029111179931829
2013-10-01,0.023684875276286585
2013-09-30,-0.002799377916018548
2013-09-27,0.012302839116719373
2013-09-26,-0.0018844221105527236
2013-09-25,-0.0006244146113020021
2013-09-24,-0.011444478812248606
2013-09-23,-0.010318949343339644
2013-09-20,-0.008995037220843756
2013-09-19,-0.009862241703193527
2013-09-18,-0.00031210986267159836
2013-09-17,0.005295950155763293
2013-09-16,2.5078369906009038e-05
2013-09-13,0.004674668351231828
2013-09-12,0.0017992424242423803
2013-09-11,0.011432200698634582
2013-09-10,0.018176020408163275
2013-09-09,-0.007055503292568248
2013-09-06,-0.009172154280338678
2013-09-05,-0.002850807728856505
2013-09-04,-0.002551020408163211
2013-09-03,-0.02707749766573299
2013-08-30,-0.043172075933863956
2013-08-29,-0.04636610373944505
2013-08-28,-0.03842634949679775
2013-08-27,-0.039878048780487695
2013-08-26,0.004007398273736207
2013-08-23,0.0036775973030952324
2013-08-22,0.004888481515429383
2013-08-21,-0.00422796352583584
2013-08-20,-0.00635536688902349
2013-08-19,-0.020921770770163668
2013-08-16,-0.01368197020370942
2013-08-15,-0.019312009656004846
2013-08-14,-0.005153076689906083
2013-08-13,-0.007255139056831768
2013-08-12,-0.017664670658682526
2013-08-09,-0.02007189934092276
2013-08-08,-0.012593703148425837
2013-08-07,-0.008783579837005853
2013-08-06,0.006697108066971046
2013-08-05,0.013252279635258357
2013-08-02,0.001807228915662505
2013-08-01,0.0016696696696698328
2013-07-31,-0.01319494584837548
2013-07-30,-0.021008403361344623
2013-07-29,-0.017744360902255743
2013-07-26,0.0014769975786924927
2013-07-25,0.00911854103343478
2013-07-24,0.03356121814791791
2013-07-23,0.034600997506234396
2013-07-22,0.023176761433868976
2013-07-19,0.018604651162790743
2013-07-18,0.034471853257431996
2013-07-17,0.0006240249609985375
2013-07-16,-0.004675810473815417
2013-07-15,-0.00402352212937179
2013-07-12,-0.013583333333333256
2013-07-11,-0.004246835443037971
2013-07-10,0.020473448496481028
2013-07-09,0.033751205400192774
2013-07-08,0.05707687231936656
2013-07-05,0.048244174597965296
2013-07-03,0.03826955074875203
2013-07-02,0.0371237458193981
2013-07-01,0.04550084889643463
2013-06-28,0.045172413793103404
2013-06-27,0.027815468113975585
2013-06-26,0.019473864024598574
2013-06-25,0.003719986472776443
2013-06-24,0.0034340659340658607
2013-06-21,0.008585164835164834
2013-06-20,0.002051983584131405
2013-06-19,0.00967853439336333
2013-06-18,-0.004396347649644877
2013-06-17,-0.015366350067842585
2013-06-14,-0.01964442939383683
2013-06-13,-0.004870572207084492
2013-06-12,0.0006937218175512705
2013-06-11,0.003246753246753208
2013-06-10,-0.00023648648648653544
2013-06-07,-0.005432937181663842
2013-06-06,-0.013893595391392751
2013-06-05,-0.015006821282401136
2013-06-04,-0.006809669731018021
2013-06-03,-0.008146639511201696
2013-05-31,0.015944540727902853
2013-05-30,-0.002355316285329754
2013-05-29,-0.020742723318835764
2013-05-28,0.004415760869565183
2013-05-24,-0.0019698526892771837
2013-05-23,-0.00036488812392427417
2013-05-22,0.00901213171577116
2013-05-21,0.027526132404181156
2013-05-20,0.03779028852920471
2013-05-17,0.0297134771842943
2013-05-16,0.046718411016258524
2013-05-15,0.019000703729767737
2013-05-14,-0.00499136442141626
2013-05-13,-0.0013333333333333424
2013-05-10,0.0038904593639575687
2013-05-09,0.028964518464880545
2013-05-08,0.02674376581134797
2013-05-07,0.007067137809187254
2013-05-06,0.021462349945434698
2013-05-03,0.02884615384615389
2013-05-02,0.002185333819773767
2013-05-01,-0.026959628438728116
2013-04-30,0.008363636363636379
2013-04-29,-0.0038989169675090448
2013-04-26,0.011476014760147599
2013-04-25,0.028242289111854387
2013-04-24,0.020370370370370396
2013-04-23,0.012564671101256463
2013-04-22,-0.00036873156342188653
2013-04-19,-0.019623733719247492
2013-04-18,-0.03669064748201437
2013-04-17,-0.038276231263383226
2013-04-16,-0.013718411552346535
2013-04-15,-0.03556034482758615
2013-04-12,0.003254972875226035
2013-04-11,0.020222790357925593
2013-04-10,0.01779876498365414
2013-04-09,-0.008986752595775195
2013-04-08,-0.01809500498401926
2013-04-05,-0.0349158485273492
2013-04-04,-0.027522935779816553
2013-04-03,-0.03176844334627599
2013-04-02,-0.021707060063224398
2013-04-01,-0.016871704745166975
2013-03-28,0.01058201058201048
2013-03-27,-0.0038569424964936686
2013-03-26,-0.00035236081747702647
2013-03-25,0.00035236081747715164
2013-03-22,-0.00035248501938673114
2013-03-21,-0.018329861111111196
2013-03-20,0.016755793226381422
2013-03-19,0.009649749821300914
2013-03-18,-0.006699576868829257
2013-03-15,-0.0017488632388947432
2013-03-14,0.010342368045649043
2013-03-13,0.012977649603460815
2013-03-12,0.015994183933115146
2013-03-11,0.009359251259899136
2013-03-08,0.026373626373626332
2013-03-07,0.01867447821310881
2013-03-06,0.019852941176470556
2013-03-05,0.026726057906458753
2013-03-04,0.018909899888765354
2013-03-01,-0.012182741116751217
2013-02-28,0.0036751194413817663
2013-02-27,-0.001832172957127179
2013-02-26,-0.017772941603191948
2013-02-25,-0.021125683060109236
2013-02-22,0.002192181220314166
2013-02-21,-0.008020415603353951
2013-02-20,0.006077147016011574
2013-02-19,0.013230429988974621
2013-02-15,0.008042600073448446
2013-02-14,0.014366249078850434
2013-02-13,0.013679349833764325
2013-02-12,0.020534719643520268
2013-02-11,-0.023414985590778172
2013-02-08,0.013387876534027498
2013-02-07,0.003327171903881695
2013-02-06,0.019984917043740617
2013-02-05,-0.006954612005856562
2013-02-04,0.000746268656716402
2013-02-01,0.026238185255198453
2013-01-31,0.004874390701162317
2013-01-30,-0.0014958863126402077
2013-01-29,-0.004929315476190487
2013-01-28,-0.0006008261359368471
2013-01-25,-0.005609573672400845
2013-01-24,-0.0033808503532819626
2013-01-23,0.010211800302571844
2013-01-22,0.01909643128321944
2013-01-18,0.01314786585365863
2013-01-17,0.009328301886792432
2013-01-16,0.0034177693761815683
2013-01-15,-0.0030200075500188108
2013-01-14,-0.012420022581859308
2013-01-11,-0.032805012900847794
2013-01-10,-0.004868913857677865
2013-01-09,0.008003048780487838
2013-01-08,0.00302915562287006
2013-01-07,0.04855902092380578
2013-01-04,0.09100693028944143
2013-01-03,0.0417981072555206
2013-01-02,0.013229571984435792
2012-12-31,-0.006404669260700393
2012-12-28,-0.006159844054580807
2012-12-27,-0.032592024539877223
2012-12-26,-0.014346645986816496
2012-12-24,0.012209531311539925
2012-12-21,0.023904382470119435
2012-12-20,0.03286852589641431
2012-12-19,0.03268234356317259
2012-12-18,0.00786782061368998
2012-12-17,0.005146476642913658
2012-12-14,-0.0035768161969035183
2012-12-13,-0.0035742652899126235
2012-12-12,-0.0023856858846917984
2012-12-11,0.008949246629658993
2012-12-10,0.01033035532101328
2012-12-07,-0.004362842397776882
2012-12-06,-0.005531410509679851
2012-12-05,-0.0023698738170346407
2012-12-04,-0.0018250798722044758
2012-12-03,-0.0023706045041485073
2012-11-30,-0.002766125840918105
2012-11-29,0.011781262565339736
2012-11-28,0.007616747181964557
2012-11-27,0.018691588785046766
2012-11-26,0.023596419853539538
2012-11-23,0.04639650872817966
2012-11-21,0.021909880115750208
2012-11-20,0.013505268201194865
2012-11-19,-0.003858651502843315
2012-11-16,-0.029247046688907267
2012-11-15,-0.02320737634033155
2012-11-14,-0.03396882494004789
2012-11-13,-0.038945114830673505
2012-11-12,-0.028519531250000008
2012-11-09,-0.024921752738654167
2012-11-08,-0.04106935296396741
2012-11-07,-0.02112676056338025
2012-11-06,0.016326930615444893
2012-11-05,-0.0031191588785045975
2012-11-02,0.004696673189823914
2012-11-01,0.007809449433814888
2012-10-31,0.009459992116673173
2012-10-26,0.00784929356357925
2012-10-25,0.00383066496414891
2012-10-24,-0.006223259432127582
2012-10-23,-0.009784689838253096
2012-10-22,-0.010186625194401262
2012-10-19,-0.012320527745440396
2012-10-18,-0.04913266897360877
2012-10-17,-0.031111532625189686
2012-10-16,-0.024818727830194162
2012-10-15,-0.018362662586074996
2012-10-12,-0.012013703844689756
2012-10-11,0.003044140030441335
2012-10-10,-0.0128495842781557
2012-10-09,0.0011221754117196176
2012-10-08,0.008700860870700494
2012-10-05,0.009191880505553505
2012-10-04,0.011154290111581491
2012-10-03,0.004225297962322171
2012-10-02,-0.01216267578867352
2012-10-01,-0.016343761779118053
2012-09-28,-0.003064855557681332
2012-09-27,-0.005315110098709209
2012-09-26,-0.011578605911424043
2012-09-25,-0.008813559322033964
2012-09-24,0.0028890571753123744
2012-09-21,-0.016205223880597027
2012-09-20,-0.006040015100037756
2012-09-19,0.01926040061633282
2012-09-18,0.014936805821524343
2012-09-17,0.017294388931591055
2012-09-14,0.030616150019135122
2012-09-13,0.01462100808003088
2012-09-12,0.009324009324009402
2012-09-11,0.023575638506876283
2012-09-10,0.027186761229314474
2012-09-07,0.021193092621664016
2012-09-06,0.018727915194346304
2012-09-05,0.0003932363350374189
2012-09-04,0.009924573243350535
2012-08-31,0.011512504962286587
2012-08-30,0.01356743814844373
2012-08-29,0.003941663381947098
2012-08-28,-0.00743740219092322
2012-08-27,-0.020574534161490726
2012-08-24,-0.015125490196078428
2012-08-23,-0.012262658227848191
2012-08-22,0.011966493817311555
2012-08-21,0.031024096385542203
2012-08-20,0.014577073586725223
2012-08-17,0.02588996763754048
2012-08-16,0.01421168909419561
2012-08-15,-0.0010956175298804723
2012-08-14,-0.0035742652899126235
2012-08-13,-0.00753968253968245
2012-08-10,-0.012508625954803976
2012-08-09,0.0052482195685331
2012-08-08,0.03493629264282785
2012-08-07,0.013671089666264569
2012-08-06,0.017352703793381746
2012-08-03,0.008400000000000034
2012-08-02,-0.015088996763753948
2012-08-01,0.0
2012-07-31,0.00974421437271628
2012-07-30,0.01214574898785428
2012-07-27,0.019886363636363574
2012-07-26,-0.021868787276341835
2012-07-25,-0.03973046875000011
2012-07-24,-0.05360653841705538
2012-07-23,-0.031038552321007138
2012-07-20,-0.026921576277799366
2012-07-19,-0.012941176470588168
2012-07-18,0.02197363164202945
2012-07-17,0.021535087719298344
2012-07-16,0.011881188118811909
2012-07-13,0.014285714285714263
2012-07-12,-0.006746031746031673
2012-07-11,-0.009076558800315724
2012-07-10,0.010368570271364935
2012-07-09,-0.001993620414672933
2012-07-06,0.013676588897827831
2012-07-05,0.0376740376740376
2012-07-03,0.04519071310116086
2012-07-02,0.04128333333333334
2012-06-29,0.040366208905534696
2012-06-28,0.002491694352159563
2012-06-27,-0.0003712770297837661
2012-06-26,-0.023876972885471463
2012-06-25,-0.01631986944104456
2012-06-22,0.009064688916357597
2012-06-21,-0.0012016582051633943
2012-06-20,0.02748854643898376
2012-06-19,0.024875621890547175
2012-06-18,0.02445286195286193
2012-06-15,0.0012376237623762847
2012-06-14,0.005887300252312892
2012-06-13,-0.009224030037546928
2012-06-12,0.024034334763948444
2012-06-11,0.03313253012048206
2012-06-08,0.02170710940825891
2012-06-07,-0.004159733777038181
2012-06-06,-0.026304973284011386
2012-06-05,-0.057200811359026375
2012-06-04,-0.051836734693877534
2012-06-01,-0.04597233523189581
2012-05-31,0.01828001661819698
2012-05-30,-0.03300198807157051
2012-05-29,-0.008447304907481933
2012-05-25,0.020409598676044593
2012-05-24,-0.018101367658889755
2012-05-23,-0.03298887122416542
2012-05-22,-0.02045728038507814
2012-05-21,-0.029317269076305098
2012-05-18,-0.03361532322426169
2012-05-17,-0.049914263445050636
2012-05-16,-0.03144654088050317
2012-05-15,-0.01858442071965199
2012-05-14,-0.010333863275039807
2012-05-11,-0.0006392414863753422
2012-05-10,-0.0019582348305751717
2012-05-09,-0.016836335160532487
2012-05-08,0.0
2012-05-07,-0.012136938798674057
2012-05-04,-0.02910360884749709
2012-05-03,-0.011297234125438359
2012-05-02,0.004317111459968581
2012-05-01,0.025834658187599308
2012-04-30,0.011080332409972344
2012-04-27,0.021434799841458615
2012-04-26,0.007061592781483063
2012-04-25,0.013513513513513507
2012-04-24,-0.013623978201634933
2012-04-23,-0.022771888496270057
2012-04-20,0.006301693580149671
2012-04-19,-0.02838884585592566
2012-04-18,-0.002813887127457116
2012-04-17,0.0288461538461538
2012-04-16,-0.0023932987634622547
2012-04-13,-0.007257097161135678
2012-04-12,-0.012137823022709425
2012-04-11,-0.0283385093167702
2012-04-10,-0.05602455871066759
2012-04-09,-0.030537301894085916
2012-04-05,-0.021138461538461602
2012-04-04,-0.01837672281776418
2012-04-03,-0.005744925315970838
2012-04-02,-0.00799467275494675
2012-03-30,-0.013453784709014831
2012-03-29,0.006971340046475589
2012-03-28,0.017637703646237353
2012-03-27,0.0003620426829269333
2012-03-26,0.003818251240931572
2012-03-23,-0.016384761904761885
2012-03-22,-0.016434215309265563
2012-03-21,0.017134168924582322
2012-03-20,0.021642662514597018
2012-03-19,0.05157936825269888
2012-03-16,0.05248284214775942
2012-03-15,0.060457516339869295
2012-03-14,0.05171945701357469
2012-03-13,0.07247118433635884
2012-03-12,0.0475568935390834
2012-03-09,0.03236105307145842
2012-03-08,-0.00896860986547095
2012-03-07,-0.019346938775510213
2012-03-06,-0.04324848484848482
2012-03-05,-0.015447154471544818
2012-03-02,-0.006147540983606499
2012-03-01,-0.00024429967426711026
2012-02-29,0.010349304482225699
2012-02-28,-0.021361464968152864
2012-02-27,-0.01752289924332926
2012-02-24,-0.01348855881172214
2012-02-23,0.01762295081967212
2012-02-22,-0.012560777957860564
2012-02-21,0.013474887709269166
2012-02-17,0.02292263610315181
2012-02-16,0.018214637348211316
2012-02-15,-0.01294498381877024
2012-02-14,-0.016612641815235012
2012-02-13,-0.008074283407347569
2012-02-10,-0.023303783905259914
2012-02-09,-0.013196052784211078
2012-02-08,-0.0032310177705978126
2012-02-07,0.011139705882352956
2012-02-06,0.01187551187551184
2012-02-03,0.04949748743718602
2012-02-02,0.024696525742988692
2012-02-01,0.014052260472832813
2012-01-31,-0.009500579857284945
2012-01-30,-0.009102192800993066
2012-01-27,-0.015940123145747012
2012-01-26,-0.023367556468172592
2012-01-25,0.011958762886597902
2012-01-24,-0.004940304652120109
2012-01-23,-0.011764705882352908
2012-01-20,-0.01883767535070136
2012-01-19,-0.02047753945770944
2012-01-18,0.00579470198675499
2012-01-17,-0.006549324600900538
2012-01-13,0.015839933305544084
2012-01-12,0.02514668901927919
2012-01-11,0.04301749383808106
2012-01-10,0.03827054794520556
2012-01-09,0.0211864406779661
2012-01-06,0.03416522491349478
2012-01-05,0.024463519313304732
2012-01-04,-0.021250000000000064
2012-01-03,0.010821799307958457
2011-12-30,-0.016281062553556085
2011-12-29,0.00589254766031208
2011-12-28,0.023775601068566292
2011-12-27,0.017605633802816996
2011-12-23,0.031311329170383505
2011-12-22,0.018526687251874643
2011-12-21,0.02194357366771169
2011-12-20,0.0337325158512328
2011-12-19,-0.027165447873491906
2011-12-16,-0.0017857142857142477
2011-12-15,-0.006788744975435508
2011-12-14,-0.025466666666666686
2011-12-13,-0.015185418425272103
2011-12-12,-0.019659354612723764
2011-12-09,-0.013943355119825722
2011-12-08,-0.024444130227296846
2011-12-07,0.016121809225257636
2011-12-06,0.03937582698362
2011-12-05,0.07547169811320761
2011-12-02,0.0646204698382718
2011-12-01,0.07081770226955865
2011-11-30,0.08762042389210015
2011-11-29,-0.012658227848101247
2011-11-28,-0.008427702386523139
2011-11-25,-0.0620526686510191
2011-11-23,-0.06528558210908764
2011-11-22,-0.040376850605652694
2011-11-21,-0.017774131802023543
2011-11-18,0.0028207461328480965
2011-11-17,-0.011311914323962469
2011-11-16,0.004374433363554056
2011-11-15,0.003590664272890408
2011-11-14,-0.03609154929577466
2011-11-11,0.016877256317689476
2011-11-10,-0.006961894211630869
2011-11-09,-0.013145965548504042
2011-11-08,0.033151680290644886
2011-11-07,0.027465918203688947
2011-11-04,-0.015289438798055683
2011-11-03,-0.01910805937023163
2011-11-02,-0.028727226128032947
2011-11-01,-0.008329477093937979
2011-10-31,0.045057471264367835
2011-10-28,0.06564245810055866
2011-10-27,0.07024253731343284
2011-10-26,0.021998231156907546
2011-10-25,0.007163927517909924
2011-10-24,0.0584600760456274
2011-10-21,0.05214872042491542
2011-10-20,0.003389830508474705
2011-10-19,0.024177949709864605
2011-10-18,0.007078810759792288
2011-10-17,-0.010954920019389195
2011-10-14,0.027982326951399128
2011-10-13,0.028713741576325686
2011-10-12,0.050492125984251957
2011-10-11,0.05204648812531588
2011-10-10,0.12091503267973851
2011-10-07,0.0333350668261481
2011-10-06,0.05158018747118791
2011-10-05,0.016260162601626032
2011-10-04,-0.02007911471633868
2011-10-03,-0.0733163000518983
2011-09-30,-0.00518134715025914
2011-09-29,0.0426765015806111
2011-09-28,0.028525296017222885
2011-09-27,-0.006039255158530498
2011-09-26,-0.045211473018959634
2011-09-23,-0.0716261251136109
2011-09-22,-0.10636277302943963
2011-09-21,-0.09112482202183207
2011-09-20,-0.014153245485602692
2011-09-19,-0.0043562439496611744
2011-09-16,0.06632911392405057
2011-09-15,0.046480279580628926
2011-09-14,0.00125894134477837
2011-09-13,-0.019626615605552903
2011-09-12,-0.0065934065934064885
2011-09-09,-0.032147407625208214
2011-09-08,-0.046118913857677864
2011-09-07,-0.02601021830004655
2011-09-06,-0.07672685463186668
2011-09-02,-0.049833887043189404
2011-09-01,0.0327543424317618
2011-08-31,0.024285714285714362
2011-08-30,0.04844802342606164
2011-08-29,0.10282091097308486
2011-08-26,0.045824847250509095
2011-08-25,0.03548057259713715
2011-08-24,-0.003210116731517459
2011-08-23,-0.036555023923444945
2011-08-22,-0.06757793764988021
2011-08-19,-0.07074109720885478
2011-08-18,-0.04910929224843522
2011-08-17,0.030347890451517315
2011-08-16,-0.033364661654135375
2011-08-15,0.006730769230769258
2011-08-12,-0.05594082293111407
2011-08-11,-0.05953446732318703
2011-08-10,-0.141695205479452
2011-08-09,-0.06675335934113563
2011-08-08,-0.13046610169491527
2011-08-05,-0.049341672292491916
2011-08-04,-0.04767932489451473
2011-08-03,-0.008853288364249465
2011-08-02,-0.022491931145777286
2011-08-01,-0.02877106452938756
2011-07-29,-0.027104722792607807
2011-07-28,-0.04175111471422785
2011-07-27,-0.03667481662591681
2011-07-26,-0.00819672131147538
2011-07-25,0.020492076730608787
2011-07-22,0.019437551695616166
2011-07-21,0.01978565539983499
2011-07-20,0.01033912324234905
2011-07-19,-0.029995946493717143
2011-07-18,-0.021160795033699283
2011-07-15,-0.01348590110339184
2011-07-14,-0.017763423496164766
2011-07-13,-0.01397205588822361
2011-07-12,-0.0049367165755846276
2011-07-11,-0.00820804550995523
2011-07-08,0.004455245038477093
2011-07-07,0.03385631709331133
2011-07-06,0.02531120331950205
2011-07-05,0.023745833333333355
2011-07-01,0.03347280334728037
2011-06-30,0.033361522198731564
2011-06-29,0.02322635135135138
2011-06-28,-0.006459369817578742
2011-06-27,-0.011998345055854476
2011-06-24,-0.02834839769926053
2011-06-23,-0.013221058931592039
2011-06-22,0.01076923076923076
2011-06-21,0.024472573839662524
2011-06-20,0.017558528428093568
2011-06-17,0.023391065924147147
2011-06-16,0.01488095238095244
2011-06-15,-0.007606765327695559
2011-06-14,0.0004206983592764646
2011-06-13,-0.011934673366834177
2011-06-10,-0.012678122380553162
2011-06-09,-0.014583333333333393
2011-06-08,-0.015808472677482272
2011-06-07,-0.0428742994395517
2011-06-06,-0.04321486268174476
2011-06-03,-0.027642276422764213
2011-06-02,-0.0020157143444814465
2011-06-01,0.0004481926323709993
2011-05-31,0.01921265003482027
2011-05-27,0.00030497102775237507
2011-05-26,-0.018841683366733412
2011-05-25,-0.024386343008168755
2011-05-24,-0.019915602299998465
2011-05-23,-0.013246396705559335
2011-05-20,0.01265414454879553
2011-05-19,-0.0035859593139210247
2011-05-18,-0.0032025620496397857
2011-05-17,-0.0121621621621622
2011-05-16,-0.017595541401273892
2011-05-13,-0.006907921190189025
2011-05-12,-0.0007606500969728563
2011-05-11,-0.0015974440894568351
2011-05-10,0.002740270055599645
2011-05-09,-0.018557188448051695
2011-05-06,-0.01773748521876229
2011-05-05,-0.01996867658574777
2011-05-04,-0.0205506010081426
2011-05-03,-0.001182246661429729
2011-05-02,0.009217633042096865
2011-04-29,0.024045602344345877
2011-04-28,0.03679336837848768
2011-04-27,0.024788562223117233
2011-04-26,0.029262551239904223
2011-04-25,0.009245054501412968
2011-04-21,-8.860249697939693e-05
2011-04-20,0.0015776699029126811
2011-04-19,-0.015606242496998681
2011-04-18,-0.014314115308151071
2011-04-15,-0.013801261829652913
2011-04-14,-0.032723022984028176
2011-04-13,-0.030444964871194424
2011-04-12,-0.023744647722849472
2011-04-11,-0.02425416505230522
2011-04-08,-0.003940110323088963
2011-04-07,0.012584349473185718
2011-04-06,0.03270837170934081
2011-04-05,0.020917135961383733
2011-04-04,0.031396761133603276
2011-04-01,0.02140549273020992
2011-03-31,0.009045326915363026
2011-03-30,0.028260869565217395
2011-03-29,0.0019191919191918962
2011-03-28,-0.008989528900634775
2011-03-25,-0.004433696090286153
2011-03-24,0.0008554319931565765
2011-03-23,0.013163307280954353
2011-03-22,0.02142562834775441
2011-03-21,0.0205761316872428
2011-03-18,0.004328474008738539
2011-03-17,-0.016983420946219234
2011-03-16,-0.026649261974093747
2011-03-15,-0.03393843725335436
2011-03-14,-0.014220792278302842
2011-03-11,-0.00048707637438059675
2011-03-10,-0.01339570063694271
2011-03-09,0.01599360255897635
2011-03-08,0.02053140096618364
2011-03-07,-0.004414125200642174
2011-03-04,-0.010704337445284455
2011-03-03,0.012886391007627519
2011-03-02,-0.018581027667984275
2011-03-01,-0.007345309381237567
2011-02-28,-0.0071202531645569505
2011-02-25,-0.013734744077112336
2011-02-24,-0.03126081621094373
2011-02-23,-0.023146331894860726
2011-02-22,-0.019161442006269624
2011-02-18,0.006640210600762268
2011-02-17,0.017529880478087557
2011-02-16,0.021191523390643646
2011-02-15,0.009087301587301555
2011-02-14,0.011062648691514668
2011-02-11,0.009120095124851376
2011-02-10,0.0054574638844301455
2011-02-09,0.003948942959712812
2011-02-08,-0.005518328734726076
2011-02-07,0.014073180538801683
2011-02-04,0.014606271890130302
2011-02-03,-0.010693069306930677
2011-02-02,-0.003993610223642087
2011-02-01,0.00519376747902513
2011-01-31,-0.022209440698135758
2011-01-28,-0.01097672040519593
2011-01-27,0.005990415335463344
2011-01-26,-0.005562177195073522
2011-01-25,-0.026373198285937014
2011-01-24,-0.02189210320562935
2011-01-21,-0.00753968253968245
2011-01-20,-0.002395209580838414
2011-01-19,3.9636925760086494e-05
2011-01-18,0.03322645290581165
2011-01-14,0.041751114714227704
2011-01-13,-0.026131045241809737
2011-01-12,-0.012573673870334
2011-01-11,-0.003982477100756586
2011-01-10,-0.034301200154858665
2011-01-07,-0.015425008204791613
2011-01-06,0.0034099144947108023
2011-01-05,0.0023677979479083946
2011-01-04,-0.008235014648824071
2011-01-03,0.007114624505928842
2010-12-31,0.0011990407673861366
2010-12-30,0.004366812227074213
2010-12-29,0.02217741935483874
2010-12-28,0.03299389002036655
2010-12-27,0.03213114754098371
2010-12-23,0.02617586912065442
2010-12-22,0.03847745138601571
2010-12-21,0.018144329896907268
2010-12-20,-0.004542857142857141
2010-12-17,0.002905770029057712
2010-12-16,0.006652806652806658
2010-12-15,0.015973097940311164
2010-12-14,0.021141649048625793
2010-12-13,0.03361702127659571
2010-12-10,0.047968885047536707
2010-12-09,0.040389548280509474
2010-12-08,0.035917652212001765
2010-12-07,0.04876957494407158
2010-12-06,0.057779799818016356
2010-12-03,0.028207420652659822
2010-12-02,0.026092774308652866
2010-12-01,0.0031180400890868723
2010-11-30,-0.01957295373665486
2010-11-29,-0.004941599281222057
2010-11-26,0.005381165919282556
2010-11-24,-0.0013363028953228323
2010-11-23,-0.004055881027489854
2010-11-22,-0.02165267344233312
2010-11-19,-0.01808604038630389
2010-11-18,-0.02225557480115712
2010-11-17,-0.03442265795206968
2010-11-16,-0.022358614642700485
2010-11-15,-0.0004395604395605083
2010-11-12,-0.005635574837310162
2010-11-11,-0.0017378048780487534
2010-11-10,0.02438807298620391
2010-11-09,0.029971024990945266
2010-11-08,0.060857538035961285
2010-11-05,0.06221408966148213
2010-11-04,0.053162236480293314
2010-11-03,-0.00504504504504497
2010-11-02,-0.015440508628519522
2010-11-01,-0.035959388946566556
2010-10-29,-0.016153500897666054
2010-10-28,-0.008561157244732642
2010-10-27,-0.02345728198317846
2010-10-26,-0.0085049239033125
2010-10-25,-0.009817045961624225
2010-10-22,0.006320541760722374
2010-10-21,-0.013728963684676649
2010-10-20,-0.007842843019560676
2010-10-19,-0.00044295500203588365
2010-10-18,0.012528020259598368
2010-10-15,-0.004467799642218162
2010-10-14,0.008115419296663649
2010-10-13,0.018267857142857235
2010-10-12,-0.0017901785714285231
2010-10-11,0.014550000000000002
2010-10-08,0.024658780709736036
2010-10-07,0.010374379792512262
2010-10-06,0.012686905301314052
2010-10-05,0.0317533364012886
2010-10-04,0.015828677839851018
2010-10-01,0.017022549470777783
2010-09-30,0.040546911834040515
2010-09-29,0.030225988700565115
2010-09-28,-0.0036479708162333925
2010-09-27,-0.019846639603067266
2010-09-24,0.01954397394136816
2010-09-23,-0.015733456732993978
2010-09-22,-0.0013894116608349188
2010-09-21,0.008711600183402168
2010-09-20,0.01784080512351329
2010-09-17,-0.017292993630573194
2010-09-16,-0.004211745627244356
2010-09-15,0.00710050981568203
2010-09-14,0.020126404494382022
2010-09-13,0.028999064546305006
2010-09-10,-0.0013913448115401498
2010-09-09,0.00968351440717989
2010-09-08,0.034289689421790295
2010-09-07,0.025983840027902133
2010-09-03,0.05943039177005239
2010-09-02,0.03140632476401753
2010-09-01,0.017767642822851693
2010-08-31,-0.0019466019417476925
2010-08-30,-0.006304558680892461
2010-08-27,-0.011251439466878205
2010-08-26,-0.025561829688861944
2010-08-25,-0.03033707865168538
2010-08-24,-0.04689655172413791
2010-08-23,-0.04202336416423759
2010-08-20,-0.00930145335208624
2010-08-19,-0.012080817464003777
2010-08-18,0.0027662517289072713
2010-08-17,-0.03389529724933449
2010-08-16,-0.059544658493870375
2010-08-13,-0.05920614035087726
2010-08-12,-0.055584245076586554
2010-08-11,-0.07134951042997013
2010-08-10,-0.0331069609507639
2010-08-09,-0.037250051276899475
2010-08-06,-0.045644891122278056
2010-08-05,-0.003452740612861538
2010-08-04,-0.0016970797500201165
2010-08-03,-0.0025295608108107668
2010-08-02,-0.009208874005860145
2010-07-30,0.01031327376466787
2010-07-29,0.038508189464364816
2010-07-28,0.042388323750552896
2010-07-27,0.044161545215100975
2010-07-26,0.05864230942715367
2010-07-23,0.015348038568220736
2010-07-22,-0.03698338304218145
2010-07-21,-0.07477820025348555
2010-07-20,-0.04871902561948762
2010-07-19,-0.05431578947368417
2010-07-16,-0.038395904436860154
2010-07-15,0.022116218560277606
2010-07-14,0.028964641302125567
2010-07-13,0.07447285778375955
2010-07-12,0.06548431105047756
2010-07-09,0.02921646746347942
2010-07-08,0.022626441881100336
2010-07-07,-0.008426584911858064
2010-07-06,-0.021238938053097362
2010-07-02,-0.05685193042002545
2010-07-01,-0.06583750000000006
2010-06-30,-0.02443005814028217
2010-06-29,-0.030021141649048514
2010-06-28,-0.021048287247214262
2010-06-25,-0.027983771128789185
2010-06-24,-0.03712871287128707
2010-06-23,-0.021995850622406676
2010-06-22,-0.03282414910858989
2010-06-21,-0.012234910277324661
2010-06-18,0.01125938281901583
2010-06-17,0.01772323317816339
2010-06-16,0.03148936170212759
2010-06-15,0.03946803946803954
2010-06-14,0.03304347826086963
2010-06-11,0.014950875694147861
2010-06-10,-0.009647651006711427
2010-06-09,-0.07565794768611679
2010-06-08,-0.06663974151857843
2010-06-07,-0.0514615067929189
2010-06-04,-0.05213849287169047
2010-06-03,0.0004631394295597115
2010-06-02,-0.014640097600650648
2010-06-01,0.027908973808501596
2010-05-28,0.01615161557580782
2010-05-27,0.04562737642585544
2010-05-26,-0.04588986432561846
2010-05-25,-0.06301369863013696
2010-05-24,-0.10026385224274406
2010-05-21,-0.07055922240081466
2010-05-20,-0.08680818802122818
2010-05-19,-0.07803992740471877
2010-05-18,-0.032428355957767704
2010-05-17,-0.0015366884364196197
2010-05-14,-0.017669172932330918
2010-05-13,0.04846335697399529
2010-05-12,0.023664122137404618
2010-05-11,-0.027255985267034936
2010-05-10,-0.053435114503816876
2010-05-07,-0.08074074074074072
2010-05-06,-0.06907894736842107
2010-05-05,-0.03430515956957605
2010-05-04,-0.03829321663019696
2010-05-03,-0.019661448853294464
2010-04-30,-0.039572192513368964
2010-04-29,-0.013953488372093044
2010-04-28,-0.01418101868816418
2010-04-27,-0.013114754098360635
2010-04-26,0.023516237402015774
2010-04-23,0.05243445692883903
2010-04-22,0.03284132841328402
2010-04-21,0.005464480874317018
2010-04-20,0.01882530120481928
2010-04-19,0.001506024096385644
2010-04-16,0.02027543993879117
2010-04-15,0.03386212381231429
2010-04-14,0.03605677023398547
2010-04-13,0.007472359893251923
2010-04-12,0.01420345489443382
2010-04-09,0.03176470588235289
2010-04-08,0.03575638506876228
2010-04-07,0.02575149319494771
2010-04-06,0.028257456828885356
2010-04-05,0.008492988346829936
2010-04-01,-0.016768884403384914
2010-03-31,-0.025674329501915765
2010-03-30,-0.016666666666666656
2010-03-29,-0.01324118909695792
2010-03-26,-0.005554254488680808
2010-03-25,0.010204081632652982
2010-03-24,0.007050528789659213
2010-03-23,0.018867924528301903
2010-03-22,0.03483780536643978
2010-03-19,-0.0027450980392156976
2010-03-18,0.01886792452830184
2010-03-17,0.0330862997610659
2010-03-16,0.0158279220779221
2010-03-15,0.006476306196840841
2010-03-12,0.016359918200409086
2010-03-11,0.036129568106312335
2010-03-10,0.026895833333333268
2010-03-09,0.019624217118998012
2010-03-08,0.030788696752425154
2010-03-05,0.027654074797129433
2010-03-04,0.0029374737725556144
2010-03-03,0.0025136382710869705
2010-03-02,-0.0020746887966805274
2010-03-01,0.004627348937478144
2010-02-26,-0.004175365344467552
2010-02-25,0.023434171282488314
2010-02-24,0.013248945147679327
2010-02-23,0.012356199403493938
2010-02-22,0.028448275862068974
2010-02-19,0.03242769500438205
2010-02-18,0.016017316017315906
2010-02-17,0.019230769230769287
2010-02-16,0.029497888604629586
2010-02-12,0.015929203539822984
2010-02-11,0.03511931562359286
2010-02-10,0.0008787346221440937
2010-02-09,-0.05458333333333328
2010-02-08,-0.028374892519346523
2010-02-05,-0.04466919511167293
2010-02-04,-0.04515801067525216
2010-02-03,-0.056082474226804103
2010-02-02,-0.008091993185690004
2010-02-01,0.006462731581214932
2010-01-29,-0.01473063973063979
2010-01-28,-0.019433650268706165
2010-01-27,-0.002515723270440347
2010-01-26,-0.004661016949152668
2010-01-25,0.01123340471092076
2010-01-22,0.017278617710583248
2010-01-21,0.042118975249674284
2010-01-20,0.03372755146736764
2010-01-19,0.023519163763066165
2010-01-15,-0.004723057106054076
2010-01-14,0.02569686411149825
2010-01-13,0.0275555555555556
2010-01-12,0.01555555555555562
2010-01-11,0.014537444933920786
2010-01-08,0.023348017621145425
2010-01-07,0.021604938271605027
2010-01-06,-0.006622516556291328
2010-01-05,-0.007048458149779742
2010-01-04,0.003086419753086432
2009-12-31,-0.012769704975781556
2009-12-30,-0.0061755624172916
2009-12-29,0.007548845470692793
2009-12-28,0.007582515611061469
2009-12-24,0.029051293690422177
2009-12-23,0.032007315957933206
2009-12-22,0.018585675430643708
2009-12-21,-0.0013446884805019088
2009-12-18,0.01282768102658118
2009-12-17,0.004597701149425352
2009-12-16,0.016241299303944218
2009-12-15,0.014739751266697387
2009-12-14,-0.0036529680365296026
2009-12-11,-0.0022841480127912613
2009-12-10,-0.012316461468308223
2009-12-09,-0.0045770252536568735
2009-12-08,0.002288329519450671
2009-12-07,0.017101248266296866
2009-12-04,0.03438530381535565
2009-12-03,0.010633086876155277
2009-12-02,-0.0009144947416552159
2009-12-01,-0.0036849378166744287
2009-11-30,-0.01822706575690875
2009-11-27,0.008644860903115116
2009-11-25,0.01632462686567154
2009-11-24,0.00412844036697247
2009-11-23,0.01249999999999998
2009-11-20,0.0024321796071094296
2009-11-19,0.019980970504281718
2009-11-18,0.02490601503759387
2009-11-17,0.02612826603325419
2009-11-16,0.02224325603407489
2009-11-13,-0.004734848484848552
2009-11-12,0.019152298850574827
2009-11-11,0.02569558894813383
2009-11-10,0.0014333561077693221
2009-11-09,0.030242130750605386
2009-11-06,-0.00021582733812950457
2009-11-05,-0.031657355679702036
2009-11-04,-0.041462053571428584
2009-11-03,-0.04309545875810935
2009-11-02,-0.04217371110078965
2009-10-30,-0.027816411682892974
2009-10-29,-0.010449795547478437
2009-10-28,-0.001398601398601286
2009-10-27,-0.01660799711165277
2009-10-26,-0.024302430243024264
2009-10-23,-0.021192568944132833
2009-10-22,-0.007139669790272207
2009-10-21,-0.041643959432695825
2009-10-20,-0.010767160161507333
2009-10-19,0.0063616921013520695
2009-10-16,0.0
2009-10-15,0.018873023737669494
2009-10-14,0.02363636363636362
2009-10-13,0.017423200366804337
2009-10-12,0.015245009074410258
2009-10-09,0.028136531365313626
2009-10-08,0.03788119738072977
2009-10-07,-0.017913121361397163
2009-10-06,-0.0054545454545455
2009-10-05,-0.025503355704697996
2009-10-02,-0.014097316962255513
2009-10-01,-0.0027530794636763936
2009-09-30,-0.01730257320319435
2009-09-29,-0.014886164623467594
2009-09-28,-0.008873614190687319
2009-09-25,-0.039315371024734994
2009-09-24,-0.022128318584070786
2009-09-23,-0.015317286652078837
2009-09-22,0.02363636363636362
2009-09-21,0.0298850574712643
2009-09-18,0.043397968605724896
2009-09-17,0.022665457842248413
2009-09-16,0.06386946386946392
2009-09-15,0.020283018867924517
2009-09-14,0.0009272137227630771
2009-09-11,0.012676056338028149
2009-09-10,0.04009661835748801
2009-09-09,0.0461165048543689
2009-09-08,-0.017173934227683433
2009-09-04,-0.02185030218503033
2009-09-03,-0.040071792411043895
2009-09-02,-0.04976958525345614
2009-09-01,-0.06337073608617606
2009-08-31,-0.029084348218313034
2009-08-28,-0.046895338610378104
2009-08-27,-0.006787330316742178
2009-08-26,0.0022950068712780797
2009-08-25,0.04474535935268907
2009-08-24,0.016812933025404195
2009-08-21,0.041414611447184765
2009-08-20,-0.042123738481790296
2009-08-19,-0.06298533218291634
2009-08-18,-0.03570982142857131
2009-08-17,-0.06446389496717735
2009-08-14,-0.03872932985204528
2009-08-13,0.0019929140832595973
2009-08-12,0.00487804878048778
2009-08-11,-0.001781737193763882
2009-08-10,0.0557377798081315
2009-08-07,0.049319634703196426
2009-08-06,0.030711959050721275
2009-08-05,0.054768649669499535
2009-08-04,0.05493586698337282
2009-08-03,0.054939759036144606
2009-07-31,0.06498015873015867
2009-07-30,0.08303797468354433
2009-07-29,0.06724401426388184
2009-07-28,0.08785529715762269
2009-07-27,0.052284263959390925
2009-07-24,0.030256410256410248
2009-07-23,-0.017224409448818968
2009-07-22,-0.03772208436724555
2009-07-21,-0.040000000000000036
2009-07-20,-0.011033099297893801
2009-07-17,0.04088828079776883
2009-07-16,0.06736842105263163
2009-07-15,0.023421588594704727
2009-07-14,0.017098445595854835
2009-07-13,0.013333333333333414
2009-07-10,-0.014553014553014429
2009-07-09,-0.054590570719602875
2009-07-08,
2009-07-07,
2009-07-06,
2009-07-02,
2009-07-01,
